{
  "gpx_data": {
    "distance_km": 15.880920032884983,
    "elevation_profile": [
      9.659999999999997,
      -11.70999999999998,
      6.799999999999983,
      13.940000000000026,
      -5.390000000000015,
      9.809999999999974,
      -15.909999999999968,
      -1.3200000000000216,
      12.730000000000018,
      3.6899999999999977,
      -1.1200000000000045,
      12.780000000000001,
      -21.599999999999994,
      -10.52000000000001,
      2.6500000000000057
    ],
    "gpx_points": [
      [
        33.470690000000005,
        -7.613930000000001,
        154.9
      ],
      [
        33.47005000327658,
        -7.6132933239517175,
        153.22000000000003
      ],
      [
        33.46941000329846,
        -7.6126566573069665,
        157.43
      ],
      [
        33.46877,
        -7.61202,
        159.54000000000002
      ],
      [
        33.46811750370673,
        -7.611464987462419,
        158.16000000000003
      ],
      [
        33.46746500494022,
        -7.610909983281705,
        155.56
      ],
      [
        33.46681250370057,
        -7.610354987457556,
        153.78
      ],
      [
        33.46616,
        -7.609800000000001,
        152.45
      ],
      [
        33.465630000000004,
        -7.60939,
        153.52
      ],
      [
        33.465057502660954,
        -7.608919990687831,
        156.68
      ],
      [
        33.464485003548305,
        -7.608449987584243,
        159.39000000000001
      ],
      [
        33.46391250266212,
        -7.607979990689039,
        162.34
      ],
      [
        33.46334,
        -7.60751,
        164.56
      ],
      [
        33.46302,
        -7.6071800000000005,
        165.22
      ],
      [
        33.46276,
        -7.60676,
        165.61
      ],
      [
        33.46231,
        -7.60594,
        163.97
      ],
      [
        33.461955001783345,
        -7.605259997075857,
        162.64000000000001
      ],
      [
        33.461600000000004,
        -7.60458,
        162.54000000000002
      ],
      [
        33.46125000531552,
        -7.603766660110321,
        160.91000000000003
      ],
      [
        33.460900005320205,
        -7.602953326787945,
        156.59
      ],
      [
        33.460550000000005,
        -7.60214,
        151.51
      ],
      [
        33.4605,
        -7.601750000000001,
        150.9
      ],
      [
        33.46051,
        -7.601920000000001,
        151.24
      ],
      [
        33.460640000000005,
        -7.60188,
        151.24
      ],
      [
        33.46061,
        -7.6016900000000005,
        150.88000000000002
      ],
      [
        33.46063,
        -7.60146,
        150.52
      ],
      [
        33.46067,
        -7.60125,
        150.42000000000002
      ],
      [
        33.46106000315538,
        -7.600370003853129,
        151.03000000000003
      ],
      [
        33.46145,
        -7.59949,
        152.09
      ],
      [
        33.46184500307561,
        -7.598620003882041,
        152.85000000000002
      ],
      [
        33.46224,
        -7.5977500000000004,
        153.34
      ],
      [
        33.462692508116916,
        -7.596930012805976,
        154.04000000000002
      ],
      [
        33.463145010835596,
        -7.59611001705126,
        155.12
      ],
      [
        33.463597508155914,
        -7.5952900127357195,
        155.73000000000002
      ],
      [
        33.46405,
        -7.59447,
        156.76000000000002
      ],
      [
        33.46452667157392,
        -7.593686675313561,
        157.73000000000002
      ],
      [
        33.4650033382214,
        -7.592903342011888,
        158.73000000000002
      ],
      [
        33.46548,
        -7.59212,
        159.32999999999998
      ],
      [
        33.465630000000004,
        -7.59191,
        159.65
      ],
      [
        33.465790000000005,
        -7.59175,
        159.98000000000002
      ],
      [
        33.46593,
        -7.5916500000000005,
        160.52
      ],
      [
        33.46614,
        -7.5915300000000006,
        161.84
      ],
      [
        33.46654,
        -7.59144,
        164.96
      ],
      [
        33.466620000000006,
        -7.5914600000000005,
        164.96
      ],
      [
        33.46654,
        -7.59144,
        164.94
      ],
      [
        33.46614,
        -7.5915300000000006,
        161.84
      ],
      [
        33.46593,
        -7.5916500000000005,
        160.52
      ],
      [
        33.465790000000005,
        -7.59175,
        159.98000000000002
      ],
      [
        33.465630000000004,
        -7.59191,
        159.65
      ],
      [
        33.46548,
        -7.59212,
        159.32999999999998
      ],
      [
        33.46539,
        -7.59203,
        159.60000000000002
      ],
      [
        33.46558,
        -7.59177,
        160.10999999999999
      ],
      [
        33.465740000000004,
        -7.59163,
        160.77
      ],
      [
        33.46607,
        -7.59142,
        162.13000000000002
      ],
      [
        33.4662,
        -7.59135,
        163.07000000000002
      ],
      [
        33.46652,
        -7.5913,
        165.38000000000002
      ],
      [
        33.466860000000004,
        -7.5913200000000005,
        167.79000000000002
      ],
      [
        33.46708,
        -7.591080000000001,
        169.38
      ],
      [
        33.46773,
        -7.59177,
        173.11
      ],
      [
        33.46804000080105,
        -7.592214998417013,
        173.45000000000002
      ],
      [
        33.46835,
        -7.59266,
        173.96
      ],
      [
        33.46878,
        -7.59318,
        174.61
      ],
      [
        33.46938500138424,
        -7.593774995809936,
        174.47
      ],
      [
        33.46999,
        -7.5943700000000005,
        173.27
      ],
      [
        33.4701,
        -7.594200000000001,
        173.85
      ],
      [
        33.470780922934274,
        -7.593612773421081,
        173.81
      ],
      [
        33.471461843099675,
        -7.593025537613999,
        173.73000000000002
      ],
      [
        33.472142760496084,
        -7.592438292578411,
        173.59000000000003
      ],
      [
        33.472823675123394,
        -7.591851038313971,
        173.62000000000003
      ],
      [
        33.47350458698148,
        -7.591263774820332,
        173.41
      ],
      [
        33.474185496070234,
        -7.590676502097148,
        173.64000000000001
      ],
      [
        33.47486640238953,
        -7.5900892201440735,
        174.33
      ],
      [
        33.475547305939266,
        -7.589501928960764,
        174.41
      ],
      [
        33.476228206719306,
        -7.588914628546871,
        173.58
      ],
      [
        33.476909104729565,
        -7.58832731890205,
        171.65000000000003
      ],
      [
        33.47759,
        -7.587740000000001,
        170.17000000000002
      ],
      [
        33.47809802574022,
        -7.58689604454331,
        167.45000000000002
      ],
      [
        33.478606045760706,
        -7.586052079188905,
        166.82000000000002
      ],
      [
        33.47911406006124,
        -7.585208103936593,
        168.20000000000002
      ],
      [
        33.4796220686417,
        -7.584364118786177,
        168.53
      ],
      [
        33.48013007150189,
        -7.583520123737462,
        168.04000000000002
      ],
      [
        33.48063806864161,
        -7.582676118790252,
        167.06
      ],
      [
        33.4811460600607,
        -7.581832103944355,
        165.66
      ],
      [
        33.481654045758994,
        -7.580988079199569,
        165.46
      ],
      [
        33.4821620257363,
        -7.580144044555704,
        165.07000000000002
      ],
      [
        33.482670000000006,
        -7.579300000000001,
        164.48000000000002
      ],
      [
        33.482620000000004,
        -7.579390000000001,
        164.60000000000002
      ],
      [
