{
  "gpx_data": {
    "distance_km": 8.593300632076584,
    "elevation_profile": [
      7.75,
      -4.84,
      -7.55,
      -1.9300000000000006,
      7.020000000000001,
      2.4999999999999982,
      3.1400000000000006,
      1.7700000000000031
    ],
    "gpx_points": [
      [
        44.83399000000001,
        -0.5851000000000001,
        11.05
      ],
      [
        44.83364,
        -0.58477,
        11.44
      ],
      [
        44.833690000000004,
        -0.5847500000000001,
        11.430000000000001
      ],
      [
        44.8337,
        -0.5847100000000001,
        11.420000000000002
      ],
      [
        44.83377,
        -0.58477,
        11.31
      ],
      [
        44.83382,
        -0.5847800000000001,
        11.31
      ],
      [
        44.833980000000004,
        -0.5847600000000001,
        11.14
      ],
      [
        44.83478,
        -0.58426,
        10.38
      ],
      [
        44.835280000282445,
        -0.5839650026169906,
        10.280000000000001
      ],
      [
        44.83578000000001,
        -0.58367,
        10.33
      ],
      [
        44.835940001676164,
        -0.5830700012707438,
        10.48
      ],
      [
        44.8361,
        -0.58247,
        11.01
      ],
      [
        44.836000000000006,
        -0.5821200000000001,
        11.080000000000002
      ],
      [
        44.835980000000006,
        -0.58196,
        11.02
      ],
      [
        44.83599,
        -0.58182,
        11.02
      ],
      [
        44.83623,
        -0.58113,
        11.850000000000001
      ],
      [
        44.83626,
        -0.5811400000000001,
        11.850000000000001
      ],
      [
        44.836310000000005,
        -0.58089,
        12.200000000000001
      ],
      [
        44.83694333370622,
        -0.5811033286356394,
        12.06
      ],
      [
        44.837576667015284,
        -0.5813166619607282,
        11.930000000000001
      ],
      [
        44.838210000000004,
        -0.5815300000000001,
        12.450000000000001
      ],
      [
        44.838350000000005,
        -0.5816,
        12.600000000000001
      ],
      [
        44.838390000000004,
        -0.58164,
        12.67
      ],
      [
        44.83847,
        -0.58167,
        12.700000000000001
      ],
      [
        44.838550000000005,
        -0.5816300000000001,
        12.71
      ],
      [
        44.838860000000004,
        -0.58174,
        13.080000000000002
      ],
      [
        44.838950000000004,
        -0.58174,
        13.080000000000002
      ],
      [
        44.8393,
        -0.5815,
        14.200000000000001
      ],
      [
        44.840050000000005,
        -0.58104,
        17.09
      ],
      [
        44.840090000000004,
        -0.5810500000000001,
        17.09
      ],
      [
        44.840520000000005,
        -0.58082,
        18.8
      ],
      [
        44.840590000000006,
        -0.58081,
        18.8
      ],
      [
        44.84069,
        -0.58087,
        18.8
      ],
      [
        44.841350000000006,
        -0.5810200000000001,
        19.14
      ],
      [
        44.84151000000001,
        -0.58099,
        19.33
      ],
      [
        44.84156,
        -0.58089,
        19.33
      ],
      [
        44.84160000000001,
        -0.5806800000000001,
        18.910000000000004
      ],
      [
        44.841640000000005,
        -0.58026,
        19.22
      ],
      [
        44.841660000000005,
        -0.58016,
        19.22
      ],
      [
        44.841730000000005,
        -0.5800200000000001,
        19.4
      ],
      [
        44.84179,
        -0.5799500000000001,
        19.360000000000003
      ],
      [
        44.84220500034773,
        -0.5796950017975184,
        18.88
      ],
      [
        44.842620000000004,
        -0.5794400000000001,
        18.320000000000004
      ],
      [
        44.842690000000005,
        -0.5794400000000001,
        18.1
      ],
      [
        44.84273,
        -0.5794100000000001,
        18.1
      ],
      [
        44.842890000000004,
        -0.5793100000000001,
        17.77
      ],
      [
        44.84292000000001,
        -0.57925,
        17.77
      ],
      [
        44.84350333451851,
        -0.5788933405104025,
        17.12
      ],
      [
        44.84408666792693,
        -0.578536673797926,
        15.3
      ],
      [
        44.84467,
        -0.57818,
        13.790000000000001
      ],
      [
        44.84476,
        -0.57809,
        13.690000000000001
      ],
      [
        44.844910000000006,
        -0.57799,
        13.55
      ],
      [
        44.84494,
        -0.57793,
        13.55
      ],
      [
        44.845000000000006,
        -0.57781,
        13.290000000000001
      ],
      [
        44.84446500746222,
        -0.5770549789661281,
        13.790000000000001
      ],
      [
        44.84393000994993,
        -0.5762999719556859,
        14.57
      ],
      [
        44.84339500746328,
        -0.5755449789682815,
        14.860000000000001
      ],
      [
        44.84286,
        -0.57479,
        14.92
      ],
      [
        44.8429,
        -0.57425,
        13.96
      ],
      [
        44.84295,
        -0.5740500000000001,
        12.370000000000001
      ],
      [
        44.84304251187796,
        -0.5730975045654366,
        10.05
      ],
      [
        44.84313501583879,
        -0.572145006071937,
        8.280000000000001
      ],
      [
        44.84322751188242,
        -0.571192504519743,
        7.36
      ],
      [
        44.843320000000006,
        -0.5702400000000001,
        6.790000000000001
      ],
      [
        44.843270000000004,
        -0.5701,
        6.61
      ],
      [
        44.8432,
        -0.5700700000000001,
        6.65
      ],
      [
        44.843250000000005,
        -0.56989,
        6.32
      ],
      [
        44.84284,
        -0.56981,
        6.010000000000001
      ],
      [
        44.842360000000006,
        -0.5696800000000001,
        6.29
      ],
      [
        44.84163000052586,
        -0.569359995980046,
        6.69
      ],
      [
        44.840900000000005,
        -0.5690400000000001,
        6.17
      ],
      [
        44.840650000000004,
        -0.56891,
        5.9
      ],
      [
        44.84031,
        -0.5687000000000001,
        5.87
      ],
      [
        44.84006,
        -0.56852,
        5.64
      ],
      [
        44.83962500038263,
        -0.5681699972353892,
        5.53
      ],
      [
        44.83919,
        -0.56782,
        5.53
      ],
      [
        44.83903,
        -0.56766,
        5.51
      ],
      [
        44.83881,
        -0.56747,
        5.2700000000000005
      ],
      [
        44.83845,
        -0.56711,
        5.11
      ],
      [
        44.83779000265774,
        -0.5663299910694715,
        6.410000000000001
      ],
      [
        44.83713,
        -0.56555,
        9.28
      ],
      [
        44.837050000000005,
        -0.56535,
        9.65
      ],
      [
        44.837050000000005,
        -0.5652900000000001,
        10.040000000000001
      ],
      [
        44.83690000000001,
        -0.5651,
        9.65
      ],
      [
        44.836960000000005,
        -0.56506,
        9.65
      ],
      [
        44.83752601489499,
        -0.56413603631457,
        10.81
      ],
      [
        44.83809202233993,
        -0.5632120544769739,
        11.53
      ],
      [
        44.838658022334535,
        -0.5622880544867354,
        11.64
      ],
      [
        44.83922401487852,
        -0.5613640363433781,
        10.75
      ],
      [
        44.83979,
        -0.56044,
        9.45
      ],
      [
        44.83982,
        -0.56035,
        9.38
      ],
      [
        44.839780000000005,
        -0.56027,
        9.38
      ],
      [
        44.83993,
        -0.56003,
        9.81
      ],
      [
        44.83995,
        -0.56005,
        9.81
      ],
      [
